City_ID,City,Country,Max Temp,Current Description,Lat,Lng,Hotel Name
0,Meulaboh,ID,84.06,scattered clouds,4.1363,96.1285,Kost Pria
1,Trairi,BR,76.66,overcast clouds,-3.2778,-39.2689,janelas do mar
4,Cape Town,ZA,66.2,broken clouds,-33.9258,18.4232,Southern Sun Waterfront Cape Town
5,Hermanus,ZA,63.0,overcast clouds,-34.4187,19.2345,Misty Waves Boutique Hotel
6,Butaritari,KI,80.91,overcast clouds,3.0707,172.7902,Isles Sunset Lodge
7,Hobart,AU,64.0,clear sky,-42.8794,147.3294,Mantra on Collins Hobart
8,Busselton,AU,71.01,clear sky,-33.65,115.3333,Observatory Guest House
9,Mahebourg,MU,80.6,light rain,-20.4081,57.7,Shandrani Beachcomber Resort & Spa
11,Bengkulu,ID,84.47,broken clouds,-3.8004,102.2655,Grage Hotel Bengkulu
12,Puerto Ayora,EC,75.99,overcast clouds,-0.7393,-90.3518,Finch Bay Galapagos Hotel
13,Matara,LK,84.24,overcast clouds,5.9485,80.5353,Amaloh Boutique Resort
14,Codrington,AU,61.88,scattered clouds,-38.2667,141.9667,Codrington Gardens Bed And Breakfast
15,Mataura,NZ,73.99,scattered clouds,-46.1927,168.8643,Ellie's Villa
16,Praia,CV,68.0,clear sky,14.9215,-23.5087,LT Aparthotel
20,Kokopo,PG,85.41,scattered clouds,-4.352,152.2633,Kokopo Beach Bungalow Resort
21,Rikitea,PF,80.29,scattered clouds,-23.1203,-134.9692,Pension Maro'i
22,Vila Velha,BR,75.0,scattered clouds,-20.3297,-40.2925,Quality Suites Vila Velha
23,Atuona,PF,79.59,scattered clouds,-9.8,-139.0333,Villa Enata
24,Trinidad,BO,72.84,overcast clouds,-14.8333,-64.9,Hotel Piesta
26,Kapaa,US,73.0,light rain,22.0752,-159.319,Sheraton Kauai Resort at Coconut Beach
27,Port Elizabeth,ZA,68.0,clear sky,-33.918,25.5701,39 On Nile Guest House
29,Castro,BR,62.65,few clouds,-24.7911,-50.0119,CHACARA BAILLY
30,Port Alfred,ZA,70.0,broken clouds,-33.5906,26.891,The Halyards Hotel
34,Souillac,MU,80.6,light rain,-20.5167,57.5167,Shanti Maurice Resort & Spa
37,Kwinana,AU,77.0,clear sky,-32.25,115.7667,Rockingham Apartments
39,Avarua,CK,82.4,clear sky,-21.2078,-159.775,Paradise Inn
46,Sorong,ID,81.75,overcast clouds,-0.8833,131.25,The Waigo Hotel
47,Dunedin,NZ,66.0,clear sky,-45.8742,170.5036,Scenic Hotel Southern Cross
48,Pacasmayo,PE,73.9,overcast clouds,-7.4006,-79.5714,Hotel Libertad
51,Cidreira,BR,73.67,clear sky,-30.1811,-50.2056,Hotel Castelo
52,Naze,JP,69.8,broken clouds,28.3667,129.4833,Â•ÑÁæé„Éù„Éº„Éà„Çø„ÉØ„Éº„Éõ„ÉÜ„É´
54,Bafia,CM,70.5,overcast clouds,4.75,11.2333,Ets MAISON BLANCHE
56,Nichinan,JP,62.6,few clouds,31.6,131.3667,Guest House Aki
60,Hilo,US,69.8,moderate rain,19.7297,-155.09,Hilo Hawaiian Hotel
61,El Tocuyo,VE,62.6,overcast clouds,9.7873,-69.7937,HOTEL BOUTIQUE SANTO DOMINGO
64,San Luis,AR,66.58,scattered clouds,-33.295,-66.3356,Huarpes Hotel
65,Esperance,AU,68.0,broken clouds,-33.8667,121.9,Hospitality Esperance
67,Bontang,ID,83.88,light rain,0.1333,117.5,KOPKAR Hotel Bintang Sintuk
70,New Norfolk,AU,64.0,scattered clouds,-42.7826,147.0587,The Shingles Riverside Cottages
78,Sao Filipe,CV,69.73,clear sky,14.8961,-24.4956,Tortuga B&B
79,Mount Pleasant,US,62.01,overcast clouds,32.7941,-79.8626,Best Western Patriots Point
80,Tabou,CI,77.31,overcast clouds,4.423,-7.3528,hot√™l doufoulougou
81,Am Timan,TD,76.69,broken clouds,11.0297,20.2827,Palais du chef Canton Salamt
83,Bredasdorp,ZA,64.4,overcast clouds,-34.5322,20.0403,Bredasdorp Country Manor
86,Kanigoro,ID,86.34,overcast clouds,-8.13,112.219,Musafer Villa ( Villa Erlin )
87,Fort Smith,US,61.0,clear sky,35.3859,-94.3986,Hampton Inn by Hilton Fort Smith
88,Barao De Melgaco,BR,77.0,moderate rain,-16.1944,-55.9675,Tuiuiu Pantanal Hotel
89,Natitingou,BJ,73.4,overcast clouds,10.3042,1.3796,Auberge Centrale
90,Dzilam Gonzalez,MX,72.97,clear sky,21.2833,-88.9333,posadas
91,Singaparna,ID,88.52,overcast clouds,-7.3515,108.111,Wisma Dewi Hotel
92,Puerto Leguizamo,CO,72.09,overcast clouds,-0.1934,-74.7819,la casona de juancho
94,Ribeira Grande,PT,61.65,overcast clouds,38.5167,-28.7,Quinta da Meia Eira
96,Samarai,PG,84.43,overcast clouds,-10.6167,150.6667,Nuli Sapi
99,Hasaki,JP,64.0,few clouds,35.7333,140.8333,Hotel Sunrise Choshi
100,Madiun,ID,85.84,overcast clouds,-7.6298,111.5239,ASTON Madiun Hotel & Conference Center
105,Cayenne,GF,77.0,broken clouds,4.9333,-52.3333,H√¥tel Le Dronmi
107,Ambilobe,MG,75.74,scattered clouds,-13.2,49.05,H√¥tel & Restaurant DIANA Ambilobe
108,Bambous Virieux,MU,80.6,light rain,-20.3428,57.7575,Casa Tia Villa
109,Jind,IN,81.0,clear sky,29.3167,76.3167,Hotel Deep Palace
110,Ndola,ZM,63.09,moderate rain,-12.9587,28.6366,Chabanga Lodge iSpot
113,Bluff,NZ,73.99,scattered clouds,-46.6,168.3333,Bluff Homestead - Guesthouse & Campervan Park
114,Kruisfontein,ZA,66.0,overcast clouds,-34.0033,24.7314,Oyster Bay House Rental
116,Collie,AU,69.01,clear sky,-33.3667,116.15,Collie Ridge
117,La Macarena,CO,71.55,overcast clouds,2.1837,-73.7849,Casa Hotel Real
120,Biak,ID,82.96,broken clouds,-0.9131,122.8766,Penginapan Kim
122,Te Anau,NZ,64.89,broken clouds,-45.4167,167.7167,Kingsgate Hotel Te Anau
123,Apatou,GF,73.29,light rain,5.155,-54.3472,Yoto quensha
126,Victoria,HK,71.01,broken clouds,22.2855,114.1577,Mini Hotel Central
128,Dingle,PH,83.66,broken clouds,10.9995,122.6711,SEGAYA PROPERTY
130,Canico,PT,60.8,broken clouds,32.6333,-16.85,Quinta Splendida Wellness & Botanical Garden
131,Nouadhibou,MR,66.2,clear sky,20.930999999999997,-17.0347,El Medina
132,Tabuk,PH,81.39,broken clouds,17.4189,121.4443,Golden Berries Hotel and Convention
134,Coahuayana,MX,69.46,clear sky,18.7333,-103.6833,El rranchito michuacan de ocampos
135,Bathsheba,BB,78.8,few clouds,13.2167,-59.5167,Atlantis Hotel
136,Vaini,TO,80.6,broken clouds,-21.2,-175.2,Keleti Beach Resort
138,Geraldton,AU,89.6,clear sky,-28.7667,114.6,Broadwater Mariner Resort
139,Saint-Pierre,RE,80.6,light rain,-21.3393,55.4781,Lindsey H√¥tel
140,Jibuti,DJ,77.0,haze,11.5,42.5,Orchid Main Camp Goubet
142,Ha Giang,VN,79.34,scattered clouds,22.8333,104.9833,Truong Xuan Ecolodge
146,Natal,BR,78.8,scattered clouds,-5.795,-35.2094,Villa Park Hotel | Natal
149,Singapore,SG,87.8,broken clouds,1.2897,103.8501,The Fullerton Hotel Singapore
150,Rawson,AR,61.07,broken clouds,-43.3002,-65.1023,Hosteria Sampedro
153,Tezu,IN,73.27,overcast clouds,27.9167,96.1667,Circuit House
155,Georgetown,MY,86.0,few clouds,5.4112,100.3354,Cititel Penang
157,Harlingen,US,73.99,overcast clouds,26.1906,-97.6961,Courtyard by Marriott Harlingen
159,San Jose De Guanipa,VE,74.26,overcast clouds,8.8872,-64.1651,HOTEL 283 SUITES
161,Faya,SA,60.8,clear sky,18.3851,42.4509,ŸÖŸÇÿ®ÿ±ÿ© ÿßŸÑ ŸÖÿ¨ŸÖŸÑ
163,Saint-Philippe,RE,80.6,light rain,-21.3585,55.7679,"Chambres d'h√¥te ""La Trinit√©"""
164,Russell,US,64.4,clear sky,32.3502,-85.1999,Macs
166,Belmonte,BR,77.0,clear sky,-15.8631,-38.8828,Pousada Monte Carmelo O P√£o
167,East London,ZA,71.6,clear sky,-33.0153,27.9116,Tu Casa
168,Ugoofaaru,MV,83.41,scattered clouds,5.6667,73.0,Ungoofaaru Inn
170,Airai,TL,72.09,broken clouds,-8.9266,125.4092,Juvinal Martin
171,Puerto Narino,CO,77.0,broken clouds,-3.7703,-70.3831,Eware Refugio Amazonico
175,Touros,BR,77.0,few clouds,-5.1989,-35.4608,INN NEW HORIZON
176,Yantzaza,EC,67.5,light rain,-3.8278,-78.7594,HOTEL ALEJANDRO YANTZAZA
179,Katsuura,JP,64.4,few clouds,35.1333,140.3,Katsuura Hotel Mikazuki
180,Quelimane,MZ,77.0,few clouds,-17.8786,36.8883,Hotel Flamingo
182,Tuatapere,NZ,73.99,broken clouds,-46.1333,167.6833,Ron and Tony's Bed & Breakfast
183,Abu Dhabi,AE,68.0,few clouds,24.4667,54.3667,Ramee Garden Hotel Apartments
184,Minatitlan,MX,72.75,few clouds,17.9833,-94.5167,Grand Regency Express
185,Mollendo,PE,70.48,few clouds,-17.0231,-72.0147,Hostal La Casa de Melgar
186,Umtata,ZA,65.88,clear sky,-31.5889,28.7844,LLZZ Boutique Lodge
191,Aquiraz,BR,82.0,scattered clouds,-3.9014,-38.3911,Pousada Rua Camurupim
192,Richards Bay,ZA,71.31,clear sky,-28.783,32.0377,BON Hotel Waterfront Richards Bay
193,Volta Redonda,BR,77.0,scattered clouds,-22.5231,-44.1042,Hotel Dexter
194,Buta,CD,70.05,overcast clouds,2.7858,24.73,HOTEL BISO NA BISO
197,Maceio,BR,73.4,clear sky,-9.6658,-35.7353,Poutur Pousada
198,Arraial Do Cabo,BR,75.97,overcast clouds,-22.9661,-42.0278,Pousada Porto Praia
199,Labuhan,ID,85.28,broken clouds,-6.8844,112.2051,PT PPI Lamongan Tambak C
200,Bairiki,KI,86.0,few clouds,1.3292,172.9752,Tarawa Boutique Hotel
201,Cravo Norte,CO,81.46,overcast clouds,6.3017,-70.2041,Hotel Potos√≠ Los Mirtos
203,Lethem,GY,77.0,overcast clouds,3.3803,-59.7968,Savannah Inn
208,Mar Del Plata,AR,64.99,clear sky,-38.0023,-57.5575,Gran Hotel Mar del Plata
209,Teguise,ES,62.6,few clouds,29.0605,-13.564,B&B La Casona de Nazaret
212,Lambarene,GA,74.53,light rain,-0.7001,10.2406,Le Refuge
213,Batemans Bay,AU,64.0,overcast clouds,-35.7167,150.1833,Batemans Bay Marina Resort
214,Buala,SB,82.63,light rain,-8.145,159.5921,Maringe Lagoon Lodge
217,Sagaing,MM,86.0,few clouds,21.8787,95.9797,Makara Cruise
218,Kuruman,ZA,64.99,clear sky,-27.4524,23.4325,Cornerstone Guest House
221,Sabha,LY,62.91,scattered clouds,27.0377,14.4283,Foundation Taaj Asala for Historical Research and Archeology
222,Rio Grande,BR,70.25,few clouds,-32.035,-52.0986,Hotel Atl√¢ntico Rio Grande
225,Azare,NG,74.3,overcast clouds,11.6765,10.1948,Muk hostel
226,Rafaela,AR,75.99,clear sky,-31.2503,-61.4867,Parra Hotel & Suites
227,Kavieng,PG,84.6,broken clouds,-2.5744,150.7967,Nusa Island Retreat
228,Salta,AR,68.0,light intensity drizzle,-24.7859,-65.4117,Hotel Alejandro I
231,Mahibadhoo,MV,83.61,moderate rain,3.7833,72.9667,Omadhoo Inn
233,Port-Gentil,GA,81.73,overcast clouds,-0.7193,8.7815,Fengshui Residence
234,Cuamba,MZ,68.7,moderate rain,-14.8031,36.5372,Hotel Vision
236,Magaria,NE,75.78,few clouds,12.9983,8.9099,Chez Honorable Chapiou
237,Mackay,AU,86.0,few clouds,-21.15,149.2,International Lodge Motel
238,Kaitangata,NZ,64.99,clear sky,-46.2817,169.8464,Kaitangata Motor Camp
239,Kaeo,NZ,73.99,clear sky,-35.1,173.7833,Bushido Lodge
243,Tres Arroyos,AR,63.23,scattered clouds,-38.3739,-60.2798,Habitacion Triple con ba√±o y entrada privada
244,Amahai,ID,87.06,overcast clouds,-3.3333,128.9167,HOTEL ISABELA
249,Cabedelo,BR,77.0,clear sky,-6.9811,-34.8339,Hotel Pigalle
255,Bubaque,GW,78.44,broken clouds,11.2833,-15.8333,"Casa Dora, Bubaque"
256,Jhalida,IN,73.4,mist,23.3667,85.9667,Suraj Saw House
257,Candelaria,PH,80.01,overcast clouds,13.9311,121.4233,Casa de Provincia
258,Port Hedland,AU,87.8,scattered clouds,-20.3167,118.5667,The Esplanade Hotel
259,Sambava,MG,76.05,scattered clouds,-14.2667,50.1667,Melrose
261,Pisco,PE,72.0,clear sky,-13.7,-76.2167,Hotel San Isidro Oficial
262,Ahipara,NZ,69.44,clear sky,-35.1667,173.1667,Ahipara Holiday Park
264,Isangel,VU,82.4,overcast clouds,-19.55,169.2667,Volcano Sea View Tree House
265,Saldanha,ZA,66.2,overcast clouds,-33.0117,17.9442,Blue Bay Lodge
270,Hithadhoo,MV,83.95,scattered clouds,-0.6,73.0833,Scoop Guest House
275,Iranduba,BR,78.8,moderate rain,-3.2847,-60.1861,Evolu√ß√£o Ecolodge
277,South Venice,US,66.2,haze,27.0531,-82.4243,Rodeway Inn
279,Saurimo,AO,65.03,overcast clouds,-9.6608,20.3916,Hotel Kawissa Saurimo
281,Faanui,PF,83.12,clear sky,-16.4833,-151.75,Bora-Bora Pearl Beach Resort & Spa
282,Borba,BR,73.22,light rain,-4.3878,-59.5939,Hotel da Amaz√¥nia
284,Chuy,UY,60.53,clear sky,-33.6971,-53.4616,Nuevo Hotel Plaza
290,Mangrol,IN,82.9,clear sky,21.1167,70.1167,Hotel The Royal Honours
291,Port Blair,IN,84.2,mist,11.6667,92.75,Welcomhotel Bay Island Port Blair
294,San Diego De Los Banos,CU,66.58,clear sky,22.6467,-83.3697,Casa Nal√∫a - Nal√∫a Enea
296,Salalah,OM,68.0,clear sky,17.0151,54.0924,HAMDAN PLAZA HOTEL SALALAH
297,Mount Gambier,AU,64.4,scattered clouds,-37.8333,140.7667,Commodore on the Park
298,Arlit,NE,68.04,scattered clouds,18.7369,7.3853,Case de Passage De la Prefecture
299,Sawtell,AU,80.6,broken clouds,-30.3833,153.1,Island Beach House Sawtell
302,Panalingaan,PH,83.95,overcast clouds,8.7842,117.4231,I Love Panalingaan View Deck
305,Edea,CM,80.6,light rain,3.8,10.1333,Micotel Hotel
308,Zhicheng,CN,70.0,few clouds,30.2956,111.5047,Wangjiang Building
309,Pauini,BR,72.5,broken clouds,-7.7136,-66.9764,Casa do Kiwliks
311,Santa Vitoria Do Palmar,BR,60.67,clear sky,-33.5189,-53.3681,Hostel Comodoro
312,Tateyama,JP,64.4,few clouds,34.9833,139.8667,Tateyama Seaside Hotel
317,Lorengau,PG,84.54,broken clouds,-2.0226,147.2712,Lorengau Harbourside Hotel
318,Sur,OM,85.44,clear sky,22.5667,59.5289,Sur Plaza Hotel
320,Viedma,AR,65.28,clear sky,-40.8135,-62.9967,Hotel Cristal
324,Hualmay,PE,72.12,scattered clouds,-11.0964,-77.6139,Hotel Villa Kitzia Huacho
325,San Patricio,US,73.4,overcast clouds,28.017,-97.5169,"Motel 6 Sinton, TX"
329,Sulangan,PH,81.05,scattered clouds,11.1373,123.7228,Maia's Beach Resort
331,Estelle,US,66.99,few clouds,29.8458,-90.1067,Ohio
334,Danjiangkou,CN,61.9,overcast clouds,32.5428,111.5086,Dongsheng Guesthouse
335,Carutapera,BR,75.13,broken clouds,-1.195,-46.02,Lidera
336,Srandakan,ID,86.9,broken clouds,-7.9386,110.2506,Puri Brata
342,Port Lincoln,AU,62.37,overcast clouds,-34.7333,135.8667,Port Lincoln Hotel
344,Grand Gaube,MU,77.0,light rain,-20.0064,57.6608,Veranda Paul et Virginie Hotel & Spa
345,Dubbo,AU,64.4,light rain,-32.25,148.6167,Comfort Inn Blue Lagoon
346,Sola,VU,78.8,heavy intensity rain,-13.8833,167.55,Leumerus Bungalows
347,Poum,NC,80.94,overcast clouds,-20.2333,164.0167,G√Æte kajeon
348,Christchurch,NZ,69.8,clear sky,-43.5333,172.6333,The George
351,Rodrigues Alves,BR,72.25,overcast clouds,-7.7379999999999995,-72.6509,Pousada Aconchego
354,Laje,BR,68.14,clear sky,-10.1833,-40.9667,Pousada Centro
356,Santa Maria,BR,64.4,light rain,-29.6842,-53.8069,Hotel Morotin
357,Partapur,IN,84.06,clear sky,23.6,74.1667,Hotel Deependra And Restaurent
361,Kindu,CD,67.28,overcast clouds,-2.95,25.95,R√©sidence Okanda
365,Kahului,US,71.6,light rain,20.8947,-156.47,Maui Seaside Hotel
367,Pangai,TO,86.0,few clouds,-19.8,-174.35,Ha'apai Beach Resort
368,Mubende,UG,65.89,broken clouds,0.5606,31.39,Nakayima Hotel
371,Alofi,NU,84.2,overcast clouds,-19.0595,-169.9187,Taloa Heights
374,Santa Marta,CO,82.4,scattered clouds,11.2408,-74.199,Casa de Isabella
375,Doha,QA,66.0,clear sky,25.2867,51.5333,Doha Marriott Hotel
377,Hami,CN,60.51,moderate rain,42.8,93.45,Laoyutang Resort
379,Itoman,JP,73.4,scattered clouds,26.1247,127.6694,Southern Beach Hotel & Resort Okinawa
384,Tura,IN,83.16,few clouds,25.5198,90.2201,Hotel RIKMAN Continental
385,Ajaigarh,IN,68.0,haze,24.9,80.2667,Shakuntalam Garden & Homestay
386,Kongolo,CD,67.69,broken clouds,-5.3833,27.0,H√¥tel Bouger Faire Bouger Rj Kanierra
387,Dutse,NG,74.59,broken clouds,11.7594,9.3392,Central Mosque Galamawa
388,Manokwari,ID,83.19,overcast clouds,-0.8667,134.0833,Swiss Belhotel Manokwari
390,Ballina,AU,87.8,clear sky,-28.8667,153.5667,Ramada Hotel & Suites by Wyndham Ballina Byron
391,Ilheus,BR,72.5,few clouds,-14.7889,-39.0494,Barravento Hotel
397,Cabo San Lucas,MX,64.4,clear sky,22.8909,-109.9124,Hotel Tesoro Los Cabos
398,Panama City,PA,78.8,overcast clouds,8.9936,-79.5197,Hotel Riande Granada Urban
401,Palembang,ID,78.8,few clouds,-2.9167,104.7458,ASTON Palembang Hotel & Conference Center
403,Marawi,PH,82.99,overcast clouds,7.9986,124.2928,Derogongan Residence
404,Wewak,PG,84.74,overcast clouds,-3.5534,143.6268,In Wewak Boutique Hotel
405,Ruteng,ID,71.92,broken clouds,-8.6136,120.4721,Hotel FX72 Ruteng
407,Namibe,AO,73.56,moderate rain,-15.1961,12.1522,Hotel Chik Chik Namibe
408,Nelson Bay,AU,66.99,light rain,-32.7167,152.15,Mantra Nelson Bay
412,Marolambo,MG,66.22,clear sky,-20.05,48.1167,local guide suport centre
413,Dori,BF,70.75,clear sky,14.0354,-0.0345,H√¥tel Liptako
415,Sao Joao Da Barra,BR,75.49,scattered clouds,-21.6403,-41.0511,Pousada Porto De Canoas
419,Loiza,PR,78.8,scattered clouds,18.4313,-65.8802,Malibu Beachfront
420,Ternate,ID,83.68,broken clouds,0.8,127.4,Grand Dafam Bela Ternate
422,Chimbote,PE,72.93,overcast clouds,-9.0853,-78.5783,Hotel Viera Chimbote
424,Sinnamary,GF,76.98,overcast clouds,5.3833,-52.95,ALETHEIA Appartement Sinnamary
425,Areia Branca,BR,78.17,overcast clouds,-4.9561,-37.1369,Areia Branca Apart Hotel
426,Upata,VE,73.99,overcast clouds,8.0086,-62.3989,Posada Villa Nela
427,Jeremie,HT,76.46,few clouds,18.65,-74.1167,Auberge‚ÄôInn
428,Axim,GH,79.39,overcast clouds,4.8699,-2.2405,AXIM BEACH RESORT AND SPA
430,Ixtapa,MX,71.6,clear sky,20.7,-105.2,Hotel Plaza Providencia
431,Canutama,BR,73.72,overcast clouds,-6.5339,-64.3831,Hotel Jhennifer
433,Sinjai,ID,87.55,heavy intensity rain,-5.1241,120.25299999999999,Wisma Sandika
434,Toamasina,MG,75.2,broken clouds,-18.1667,49.3833,Hotel H1
438,Cangzhou,CN,61.11,overcast clouds,38.3167,116.8667,Jinji Express Hotel
443,Broken Hill,AU,64.4,clear sky,-31.95,141.4333,Royal Exchange Hotel
444,Tarija,BO,61.36,overcast clouds,-21.5355,-64.7296,Hostal Granny
445,Yulara,AU,69.8,overcast clouds,-25.2406,130.9889,Desert Gardens Hotel - Ayers Rock Resort
449,Necochea,AR,63.0,broken clouds,-38.5473,-58.7368,dyd -mar Hotel
452,Moyo,UG,69.93,scattered clouds,3.6609,31.7247,Amelia Guest House
457,Antalaha,MG,75.97,clear sky,-14.9003,50.2788,Hotel Vitasoa
458,Horta,PT,60.8,overcast clouds,38.5333,-28.6333,Hotel do Canal | Horta - Faial
459,Elliot,ZA,64.15,clear sky,-31.3333,27.85,Rose Garden Dinner Bed and Breakfast
461,Santo Antonio Do Ica,BR,72.93,broken clouds,-3.1022,-67.9397,Hotel Foga√ßa
464,Hambantota,LK,84.2,few clouds,6.1241,81.1185,Bungalow 63
465,Bata,GQ,73.4,light rain,1.8639,9.7658,Hotel Carmen
466,Faridabad,IN,80.01,haze,28.4333,77.3167,OYO 70153 Hotel Moon Tara
469,Ewa Beach,US,78.8,light rain,21.3156,-158.0072,Uncle Junior Robert
472,Belize,BZ,72.0,clear sky,17.25,-88.75,Villa San Juan
475,Lucapa,AO,63.41,overcast clouds,-8.4192,20.7447,Resid√™ncia Ulisses Dos Santos
479,Mathathane,BW,67.66,clear sky,-22.2687,28.7495,Selepswe Resort
480,San Lorenzo,PY,78.8,few clouds,-25.3333,-57.5333,Hotel del Sur
482,Omboue,GA,78.22,overcast clouds,-1.5746,9.2618,Hotel Olako
483,Miandrivazo,MG,76.1,clear sky,-19.5167,45.4667,H√¥tel Arc En Ciel Miandrivazo
484,Isoka,ZM,61.21,overcast clouds,-10.1606,32.6335,Location Compound
486,Puerto Escondido,MX,78.28,clear sky,15.85,-97.0667,Aldea del Bazar Hotel and Spa
492,Pawai,IN,68.0,haze,24.2667,80.1667,parth Palace Pawai
493,Menongue,AO,60.93,broken clouds,-14.6585,17.691,Ritz Lauca
497,Manacapuru,BR,75.2,light rain,-3.2997,-60.6206,Novo Hotel
498,Alyangula,AU,87.8,scattered clouds,-13.8483,136.4192,Groote Eylandt Lodge
501,Tiarei,PF,87.8,scattered clouds,-17.5333,-149.3333,Le Rocher de Tahiti
504,Guaruja,BR,80.01,few clouds,-23.9931,-46.2564,Charme Hotel Guaruj√°
505,Luganville,VU,80.46,overcast clouds,-15.5333,167.1667,The Espiritu Hotel
506,Shimoda,JP,62.6,few clouds,34.6667,138.95,Shimoda Tokyu Hotel
509,Ambovombe,MG,74.7,clear sky,-25.1667,46.0833,RELAHARA
513,Puerto Carreno,CO,77.74,overcast clouds,6.189,-67.4859,Casa Hotel Victoria
514,Loum,CM,73.09,overcast clouds,4.7182,9.7351,Hotel Guy Wambo
515,Irituia,BR,71.96,overcast clouds,-1.7711,-47.4381,Hotel Irituia
517,Inhambane,MZ,74.14,few clouds,-23.865,35.3833,Oceano
518,Kushima,JP,62.6,few clouds,31.4583,131.2333,Hanaoka
519,Lagoa,PT,60.67,overcast clouds,39.05,-27.9833,Casa Das Faias
520,San Policarpo,PH,80.71,scattered clouds,12.1791,125.5072,JM Lodge
521,Paracuru,BR,82.0,overcast clouds,-3.41,-39.0306,Hotel Vento Brasil
523,Clearwater,US,66.99,scattered clouds,27.9659,-82.8001,Shephard's Beach Resort
525,Skeldon,GY,74.48,broken clouds,5.8833,-57.1333,Rits Hotel
529,Port Augusta,AU,71.01,clear sky,-32.5,137.7667,Majestic Oasis Apartments
534,Padang,ID,84.2,few clouds,-0.9492,100.3543,Mercure Padang
535,Kaseda,JP,60.8,few clouds,31.4167,130.3167,Sun Stay Kaseda
539,Morondava,MG,76.03,clear sky,-20.2833,44.2833,La Case Bambou
540,Grand Baie,MU,77.0,light rain,-20.0182,57.5802,Trou aux Biches Beachcomber Golf Resort & Spa
551,Malanje,AO,62.49,broken clouds,-9.5402,16.340999999999998,Malanje Hotel
553,Mumford,GH,81.09,overcast clouds,5.2618,-0.759,Spanish Villa
557,Wairoa,NZ,66.99,few clouds,-39.0333,177.3667,Riverside Motor Camp
561,Kiunga,PG,83.8,overcast clouds,-6.1219,141.2906,Airport Lodge Kiunga
563,Soe,ID,77.88,overcast clouds,-9.8607,124.28399999999999,Dena Hotel
567,Ishigaki,JP,71.6,broken clouds,24.3448,124.1572,Hotel Peace Land Ishigakijima
569,Surt,LY,60.48,overcast clouds,31.2089,16.5887,ÿßŸÑŸáÿßÿØŸä ÿßÿ®Ÿàÿ¥ÿπÿßŸÑŸá ÿ≥ÿ±ÿ™
570,Amalapuram,IN,80.6,haze,16.5833,82.0167,swayamprabha service apartments
571,Jacareacanga,BR,72.05,overcast clouds,-6.2222,-57.7528,Casa do Ianüòé
572,Vao,NC,76.82,overcast clouds,-22.6667,167.4833,Hotel Kou-Bugny
573,Salvador,SV,78.8,few clouds,13.8333,-88.9167,Chico's Ranch
576,Acari,PE,72.88,clear sky,-15.4311,-74.6158,HOSPEDAJE XIMENA
577,Sumbe,AO,78.51,broken clouds,-11.2061,13.8437,Hotel Ritz Sumbe
578,Bilma,NE,73.42,clear sky,18.6853,12.9164,Expeditions T√©n√©re voyages
581,Buenavista,PH,87.24,overcast clouds,8.9769,125.4089,Room For Rent
583,Margherita,IN,73.4,mist,27.2833,95.6833,Dehing Guest House
590,Bac Lieu,VN,85.26,broken clouds,9.285,105.7244,Kh√°ch s·∫°n S√†i G√≤n B·∫°c Li√™u
593,Waipawa,NZ,68.0,few clouds,-41.4122,175.5153,Tora Coastal Walk
594,Tual,ID,83.55,broken clouds,-5.6667,132.75,Grand Vilia Hotel
595,Moerai,PF,80.67,broken clouds,-22.4333,-151.3333,Le Manotel
596,Abonnema,NG,80.49,overcast clouds,4.7084,6.7931,Corper's Lodge Obonoma
604,Bago,MM,86.0,few clouds,17.3367,96.4797,Jade Garden
605,Paysandu,UY,69.01,clear sky,-32.3214,-58.0756,Gran Hotel Paysand√∫
606,Bundaberg,AU,84.2,broken clouds,-24.85,152.35,Takalvan Motel
610,Nuevitas,CU,68.0,clear sky,21.5453,-77.2644,Hotel Caonaba
614,Mayumba,GA,79.7,light rain,-3.432,10.6554,LIKWALE LODGE
615,Dondo,MZ,77.0,light rain,-19.6094,34.7431,Arco Iris
620,Nioaque,BR,74.82,few clouds,-21.1353,-55.83,Nioaque Novo Hotel
623,Asosa,ET,67.66,scattered clouds,10.0667,34.5333,Blendana Hotel Assosa
625,La Orilla,MX,71.33,clear sky,17.9833,-102.2333,Baymont by Wyndham Lazaro Cardenas
626,Malakal,SS,80.37,broken clouds,9.5334,31.6605,Nile Palace Hotel
627,Zirandaro,MX,80.06,clear sky,18.45,-100.9833,Hotel Pineda
628,Sargur,IN,77.0,scattered clouds,11.9833,76.4167,VMH STAFF QUARTERS
633,Mananjary,MG,73.94,light rain,-21.2167,48.3333,Vahiny Lodge
637,Benghazi,LY,60.82,overcast clouds,32.1167,20.0667,Tibesti Hotel
638,Todos Santos,MX,66.99,clear sky,23.45,-110.2167,Hotel California Todos Santos
641,Fort Wellington,GY,76.42,broken clouds,6.4,-57.6,TE'AMO Entertainment Park
642,Kaohsiung,TW,80.6,haze,22.6163,120.3133,Âæ°ÂÆøÂïÜÊóÖ-‰∏≠Â±±È§®
645,Tecpan,GT,62.6,few clouds,14.7623,-90.9947,San Ricardo Restaurante y Hotel
646,Atar,MR,63.73,clear sky,20.5169,-13.0499,Oumou Elghoura
651,Bull Savanna,JM,71.46,clear sky,17.8868,-77.5902,Big Red's
652,Boa Vista,BR,77.0,light rain,2.8197,-60.6733,Aipana Plaza Hotel
653,Teahupoo,PF,87.8,scattered clouds,-17.8333,-149.2667,Vanira Lodge
654,Flinders,AU,62.01,light rain,-34.5833,150.8552,Shellharbour Resort & Conference Centre
655,Mkushi,ZM,63.59,light rain,-13.6202,29.3939,HARVEST Inn Mkushi
656,Rosario,AR,73.4,clear sky,-32.9468,-60.6393,Holiday Inn Rosario
660,Mampong,GH,71.28,light rain,7.0627,-1.4001,Adom Upscale Hotel
662,San Cristobal,VE,65.55,few clouds,7.7669,-72.225,Posada Villaven C.A.
664,Tautira,PF,87.8,scattered clouds,-17.7333,-149.15,Pension Oaoa
667,Plettenberg Bay,ZA,68.22,broken clouds,-34.0527,23.3716,Thanda Vista B&B
668,Wanning,CN,78.44,clear sky,18.8003,110.3967,Paradise Hotel
669,Indramayu,ID,83.98,overcast clouds,-6.3264,108.32,Grand Trisula Hotel
670,Bacolod,PH,83.57,broken clouds,10.6667,122.95,Planta Hotel & Residences
676,Acapulco,MX,78.8,few clouds,16.8634,-99.8901,HS Hotsson Smart Acapulco
677,Vasudevanallur,IN,82.6,broken clouds,9.2333,77.4167,Mrinmoyee Apartment
678,Hobyo,SO,80.53,broken clouds,5.3505,48.5268,Halane Hotel and Restaurent
679,Nata,PA,75.0,clear sky,8.3333,-80.5167,Caba√±as Estancia Bayamon
680,Shiyan,CN,61.92,overcast clouds,32.6475,110.7781,Fenghuang Garden Holiday Hotel
681,Sanmenxia,CN,61.65,broken clouds,34.7747,111.1814,Pengzhou Hotel
