City_ID,City,Country,Lat,Lng,Max Temp,Humidity,Cloudiness,Wind Speed,Current Description
0,Meulaboh,ID,4.1363,96.1285,84.06,64,27,3.13,scattered clouds
1,Trairi,BR,-3.2778,-39.2689,76.66,90,100,4.52,overcast clouds
2,Olafsvik,IS,64.8945,-23.7142,28.94,74,100,13.87,overcast clouds
3,Punta Arenas,CL,-53.15,-70.9167,44.6,61,0,4.61,clear sky
4,Cape Town,ZA,-33.9258,18.4232,66.2,77,75,9.22,broken clouds
5,Hermanus,ZA,-34.4187,19.2345,63.0,94,99,5.19,overcast clouds
6,Butaritari,KI,3.0707,172.7902,80.91,80,85,11.83,overcast clouds
7,Hobart,AU,-42.8794,147.3294,64.0,29,0,10.36,clear sky
8,Busselton,AU,-33.65,115.3333,71.01,50,0,5.01,clear sky
9,Mahebourg,MU,-20.4081,57.7,80.6,83,40,9.22,light rain
10,Bad Sackingen,DE,47.5537,7.9461,39.99,93,100,12.73,overcast clouds
11,Bengkulu,ID,-3.8004,102.2655,84.47,64,81,6.64,broken clouds
12,Puerto Ayora,EC,-0.7393,-90.3518,75.99,94,98,4.45,overcast clouds
13,Matara,LK,5.9485,80.5353,84.24,63,98,8.32,overcast clouds
14,Codrington,AU,-38.2667,141.9667,61.88,45,50,12.82,scattered clouds
15,Mataura,NZ,-46.1927,168.8643,73.99,44,28,18.01,scattered clouds
16,Praia,CV,14.9215,-23.5087,68.0,83,0,12.66,clear sky
17,Tuktoyaktuk,CA,69.4541,-133.0374,-9.4,77,90,10.36,overcast clouds
18,Ushuaia,AR,-54.8,-68.3,42.8,65,40,18.41,scattered clouds
19,Tasiilaq,GL,65.6145,-37.6368,24.8,86,75,28.77,snow
20,Kokopo,PG,-4.352,152.2633,85.41,61,39,9.6,scattered clouds
21,Rikitea,PF,-23.1203,-134.9692,80.29,74,29,9.01,scattered clouds
22,Vila Velha,BR,-20.3297,-40.2925,75.0,94,40,3.44,scattered clouds
23,Atuona,PF,-9.8,-139.0333,79.59,63,30,6.26,scattered clouds
24,Trinidad,BO,-14.8333,-64.9,72.84,90,100,1.07,overcast clouds
25,Yellowknife,CA,62.456,-114.3525,1.4,78,90,10.36,snow
26,Kapaa,US,22.0752,-159.319,73.0,88,90,23.02,light rain
27,Port Elizabeth,ZA,-33.918,25.5701,68.0,83,0,4.61,clear sky
28,Emirdag,TR,39.0197,31.15,38.5,63,100,0.45,overcast clouds
29,Castro,BR,-24.7911,-50.0119,62.65,93,15,3.29,few clouds
30,Port Alfred,ZA,-33.5906,26.891,70.0,84,52,1.99,broken clouds
31,Goderich,CA,43.7501,-81.7165,37.4,70,0,11.5,clear sky
32,Broome,US,42.2506,-75.833,33.8,34,1,9.22,clear sky
33,Mayo,US,38.8876,-76.5119,44.01,60,1,3.44,clear sky
34,Souillac,MU,-20.5167,57.5167,80.6,83,40,9.22,light rain
35,Jamestown,US,42.097,-79.2353,34.0,40,1,14.18,clear sky
36,Saskylakh,RU,71.9167,114.0833,-11.97,94,100,12.06,overcast clouds
37,Kwinana,AU,-32.25,115.7667,77.0,35,0,14.97,clear sky
38,Zhigalovo,RU,54.8097,105.1578,10.87,82,100,15.79,overcast clouds
39,Avarua,CK,-21.2078,-159.775,82.4,69,10,5.75,clear sky
40,Rocha,UY,-34.4833,-54.3333,55.45,87,0,1.36,clear sky
41,Pevek,RU,69.7008,170.3133,-2.76,95,99,5.1,overcast clouds
42,Shenjiamen,CN,29.9576,122.298,54.5,78,0,8.93,clear sky
43,Guerrero Negro,MX,27.9769,-114.0611,56.62,73,0,14.79,clear sky
44,Fort Nelson,CA,58.8053,-122.7002,1.4,78,90,8.05,light snow
45,Nikolskoye,RU,59.7035,30.7861,35.6,87,75,8.95,broken clouds
46,Sorong,ID,-0.8833,131.25,81.75,79,100,14.61,overcast clouds
47,Dunedin,NZ,-45.8742,170.5036,66.0,59,0,17.0,clear sky
48,Pacasmayo,PE,-7.4006,-79.5714,73.9,76,89,9.62,overcast clouds
49,Lokosovo,RU,61.1333,74.8167,11.68,92,86,11.34,overcast clouds
50,Elko,US,41.0002,-115.5012,37.99,40,0,4.0,clear sky
51,Cidreira,BR,-30.1811,-50.2056,73.67,87,6,10.31,clear sky
52,Naze,JP,28.3667,129.4833,69.8,56,75,14.97,broken clouds
53,Camacha,PT,33.0833,-16.3333,59.0,67,75,14.97,broken clouds
54,Bafia,CM,4.75,11.2333,70.5,89,100,0.43,overcast clouds
55,Suzun,RU,53.7841,82.3116,0.12,88,61,5.14,broken clouds
56,Nichinan,JP,31.6,131.3667,62.6,42,20,10.36,few clouds
57,Peyima,SL,8.7,-11.0333,71.44,92,100,1.77,overcast clouds
58,Grindavik,IS,63.8424,-22.4338,26.6,68,40,1.14,scattered clouds
59,Lososina,RU,48.9975,140.3106,42.87,58,0,4.88,clear sky
60,Hilo,US,19.7297,-155.09,69.8,88,90,4.61,moderate rain
61,El Tocuyo,VE,9.7873,-69.7937,62.6,100,89,5.75,overcast clouds
62,Albany,US,42.6001,-73.9662,33.01,48,1,5.14,clear sky
63,Kamaishi,JP,39.2667,141.8833,41.0,87,75,9.22,light rain
64,San Luis,AR,-33.295,-66.3356,66.58,68,35,4.65,scattered clouds
65,Esperance,AU,-33.8667,121.9,68.0,45,75,8.05,broken clouds
66,Muros,ES,42.7762,-9.0603,46.99,95,40,6.71,scattered clouds
67,Bontang,ID,0.1333,117.5,83.88,75,73,5.32,light rain
68,Havelock,US,34.8791,-76.9013,52.0,62,75,3.44,broken clouds
69,Lavrentiya,RU,65.5833,-171.0,12.04,88,100,15.5,snow
70,New Norfolk,AU,-42.7826,147.0587,64.0,33,44,10.0,scattered clouds
71,Port-Cartier,CA,50.0334,-66.8654,14.0,48,40,9.22,scattered clouds
72,Vostok,RU,46.4856,135.8833,39.6,81,24,2.01,few clouds
73,Barrow,US,71.2906,-156.7887,-4.0,65,1,12.66,clear sky
74,Velikiy Ustyug,RU,60.7644,46.3106,19.65,92,100,10.96,snow
75,Moravske Budejovice,CZ,49.0521,15.8086,37.99,88,92,11.72,overcast clouds
76,Provideniya,RU,64.3833,-173.3,18.82,94,100,19.75,snow
77,Emporia,US,38.4039,-96.1817,51.8,100,90,19.57,fog
78,Sao Filipe,CV,14.8961,-24.4956,69.73,72,0,2.35,clear sky
79,Mount Pleasant,US,32.7941,-79.8626,62.01,82,90,8.7,overcast clouds
80,Tabou,CI,4.423,-7.3528,77.31,90,100,9.37,overcast clouds
81,Am Timan,TD,11.0297,20.2827,76.69,19,60,4.68,broken clouds
82,Sorgun,TR,39.8101,35.186,34.95,53,98,2.51,overcast clouds
83,Bredasdorp,ZA,-34.5322,20.0403,64.4,82,97,6.91,overcast clouds
84,Leningradskiy,RU,69.3833,178.4167,24.06,89,100,9.42,overcast clouds
85,Carnarvon,AU,-24.8667,113.6333,93.2,43,20,14.97,few clouds
86,Kanigoro,ID,-8.13,112.219,86.34,61,96,4.74,overcast clouds
87,Fort Smith,US,35.3859,-94.3986,61.0,88,1,12.66,clear sky
88,Barao De Melgaco,BR,-16.1944,-55.9675,77.0,94,75,4.61,moderate rain
89,Natitingou,BJ,10.3042,1.3796,73.4,56,99,2.3,overcast clouds
90,Dzilam Gonzalez,MX,21.2833,-88.9333,72.97,71,0,9.28,clear sky
91,Singaparna,ID,-7.3515,108.111,88.52,54,89,1.7,overcast clouds
92,Puerto Leguizamo,CO,-0.1934,-74.7819,72.09,95,100,1.92,overcast clouds
93,Hamilton,US,39.1834,-84.5333,43.0,70,1,1.86,clear sky
94,Ribeira Grande,PT,38.5167,-28.7,61.65,87,99,28.72,overcast clouds
95,Khatanga,RU,71.9667,102.5,-16.42,89,91,14.92,overcast clouds
96,Samarai,PG,-10.6167,150.6667,84.43,71,99,15.39,overcast clouds
97,Albanel,CA,48.8832,-72.4487,14.0,92,100,4.61,overcast clouds
98,Kangaatsiaq,GL,68.3065,-53.4641,12.76,87,100,11.99,overcast clouds
99,Hasaki,JP,35.7333,140.8333,64.0,33,20,20.71,few clouds
100,Madiun,ID,-7.6298,111.5239,85.84,69,92,1.41,overcast clouds
101,Ust-Tsilma,RU,65.441,52.1498,19.62,94,90,7.56,light snow
102,Thompson,CA,55.7435,-97.8558,3.2,55,20,6.91,few clouds
103,Great Falls,US,47.5002,-111.3008,43.0,38,1,6.91,clear sky
104,Severnoye,RU,56.3491,78.3619,3.7,96,100,8.55,overcast clouds
105,Cayenne,GF,4.9333,-52.3333,77.0,100,75,2.3,broken clouds
106,Scarborough,GB,54.2797,-0.4044,39.0,80,59,3.0,broken clouds
107,Ambilobe,MG,-13.2,49.05,75.74,91,41,1.86,scattered clouds
108,Bambous Virieux,MU,-20.3428,57.7575,80.6,83,40,9.22,light rain
109,Jind,IN,29.3167,76.3167,81.0,21,0,7.27,clear sky
110,Ndola,ZM,-12.9587,28.6366,63.09,99,100,2.66,moderate rain
111,Suphan Buri,TH,14.4742,100.1222,98.01,53,0,6.06,clear sky
112,Nalut,LY,30.3333,10.85,54.84,49,19,16.62,few clouds
113,Bluff,NZ,-46.6,168.3333,73.99,44,33,18.01,scattered clouds
114,Kruisfontein,ZA,-34.0033,24.7314,66.0,86,90,1.99,overcast clouds
115,Colac,AU,-38.3333,143.5833,59.0,66,62,5.01,broken clouds
116,Collie,AU,-33.3667,116.15,69.01,44,0,4.0,clear sky
117,La Macarena,CO,2.1837,-73.7849,71.55,97,100,1.61,overcast clouds
118,Aklavik,CA,68.2191,-135.0107,-11.2,77,24,8.05,few clouds
119,Dikson,RU,73.5069,80.5464,-22.67,96,100,14.88,overcast clouds
120,Biak,ID,-0.9131,122.8766,82.96,74,70,1.72,broken clouds
121,Nuuk,GL,64.1835,-51.7216,14.0,73,40,14.97,scattered clouds
122,Te Anau,NZ,-45.4167,167.7167,64.89,55,77,11.01,broken clouds
123,Apatou,GF,5.155,-54.3472,73.29,99,100,2.53,light rain
124,Mizdah,LY,31.4451,12.9801,53.31,61,83,10.58,broken clouds
125,Vardo,NO,70.3705,31.1107,25.43,91,100,2.04,light snow
126,Victoria,HK,22.2855,114.1577,71.01,82,77,5.99,broken clouds
127,Gilgit,PK,35.9221,74.3087,47.88,65,100,2.93,overcast clouds
128,Dingle,PH,10.9995,122.6711,83.66,75,69,2.46,broken clouds
129,Chapais,CA,49.7834,-74.8492,15.8,86,90,6.91,light snow
130,Canico,PT,32.6333,-16.85,60.8,63,75,11.5,broken clouds
131,Nouadhibou,MR,20.931,-17.0347,66.2,37,0,12.66,clear sky
132,Tabuk,PH,17.4189,121.4443,81.39,67,62,8.57,broken clouds
133,Kautokeino,NO,69.0125,23.0412,12.13,92,83,3.53,broken clouds
134,Coahuayana,MX,18.7333,-103.6833,69.46,71,0,2.64,clear sky
135,Bathsheba,BB,13.2167,-59.5167,78.8,69,20,11.5,few clouds
136,Vaini,TO,-21.2,-175.2,80.6,78,75,9.22,broken clouds
137,Portland,US,45.5234,-122.6762,52.0,63,100,3.11,overcast clouds
138,Geraldton,AU,-28.7667,114.6,89.6,23,0,19.57,clear sky
139,Saint-Pierre,RE,-21.3393,55.4781,80.6,74,40,10.36,light rain
140,Jibuti,DJ,11.5,42.5,77.0,78,20,3.44,haze
141,Shache,CN,38.4167,77.2406,58.62,20,87,4.99,overcast clouds
142,Ha Giang,VN,22.8333,104.9833,79.34,71,48,6.42,scattered clouds
143,Longyearbyen,SJ,78.2186,15.6401,3.2,60,75,12.66,broken clouds
144,Leshukonskoye,RU,64.8989,45.7622,23.9,93,100,10.07,light snow
145,Chokurdakh,RU,70.6333,147.9167,-12.48,84,0,3.15,clear sky
146,Natal,BR,-5.795,-35.2094,78.8,73,40,4.61,scattered clouds
147,Hay River,CA,60.8156,-115.7999,3.2,78,100,10.36,snow
148,Kodiak,US,57.79,-152.4072,32.0,29,1,12.66,clear sky
149,Singapore,SG,1.2897,103.8501,87.8,62,75,6.91,broken clouds
150,Rawson,AR,-43.3002,-65.1023,61.07,62,77,18.61,broken clouds
151,Husavik,IS,66.0449,-17.3389,21.2,86,40,2.3,light snow
152,Addis Abeba,ET,9.025,38.7469,56.88,62,1,3.33,clear sky
153,Tezu,IN,27.9167,96.1667,73.27,68,98,2.77,overcast clouds
154,Roebourne,AU,-20.7833,117.1333,90.64,45,41,23.8,scattered clouds
155,Georgetown,MY,5.4112,100.3354,86.0,65,20,2.3,few clouds
156,Ongandjera,NA,-17.8833,15.0667,70.88,68,37,5.64,scattered clouds
157,Harlingen,US,26.1906,-97.6961,73.99,88,90,24.16,overcast clouds
158,Ostrovnoy,RU,68.0531,39.5131,14.41,92,98,10.65,overcast clouds
159,San Jose De Guanipa,VE,8.8872,-64.1651,74.26,83,100,10.76,overcast clouds
160,Bethel,US,41.3712,-73.414,37.99,32,1,5.75,clear sky
161,Faya,SA,18.3851,42.4509,60.8,72,0,2.39,clear sky
162,Severo-Kurilsk,RU,50.6789,156.125,32.2,93,77,16.49,light snow
163,Saint-Philippe,RE,-21.3585,55.7679,80.6,74,40,10.36,light rain
164,Russell,US,32.3502,-85.1999,64.4,77,1,3.44,clear sky
165,Lata,PT,40.1629,-8.3327,51.01,91,0,3.31,clear sky
166,Belmonte,BR,-15.8631,-38.8828,77.0,78,0,6.91,clear sky
167,East London,ZA,-33.0153,27.9116,71.6,83,0,6.91,clear sky
168,Ugoofaaru,MV,5.6667,73.0,83.41,75,45,16.49,scattered clouds
169,Yar-Sale,RU,66.8333,70.8333,8.2,89,99,9.57,overcast clouds
170,Airai,TL,-8.9266,125.4092,72.09,80,59,1.1,broken clouds
171,Puerto Narino,CO,-3.7703,-70.3831,77.0,100,75,1.86,broken clouds
172,Saint George,US,37.1041,-113.5841,48.0,61,75,6.91,broken clouds
173,Port Angeles,US,48.1181,-123.4307,44.6,93,1,4.16,clear sky
174,Torbay,CA,47.6666,-52.7314,28.99,86,75,23.02,light snow
175,Touros,BR,-5.1989,-35.4608,77.0,78,20,3.44,few clouds
176,Yantzaza,EC,-3.8278,-78.7594,67.5,98,100,1.83,light rain
177,Bloomfield,US,40.8068,-74.1854,44.6,28,1,9.22,clear sky
178,Lompoc,US,34.6391,-120.4579,51.8,71,90,8.05,overcast clouds
179,Katsuura,JP,35.1333,140.3,64.4,32,20,26.46,few clouds
180,Quelimane,MZ,-17.8786,36.8883,77.0,94,20,2.86,few clouds
181,Northam,GB,51.0333,-4.2167,46.0,85,90,17.0,overcast clouds
182,Tuatapere,NZ,-46.1333,167.6833,73.99,44,65,18.01,broken clouds
183,Abu Dhabi,AE,24.4667,54.3667,68.0,83,20,2.3,few clouds
184,Minatitlan,MX,17.9833,-94.5167,72.75,95,11,5.84,few clouds
185,Mollendo,PE,-17.0231,-72.0147,70.48,88,11,3.65,few clouds
186,Umtata,ZA,-31.5889,28.7844,65.88,54,0,1.99,clear sky
187,College,US,64.8569,-147.8028,6.8,43,1,5.75,clear sky
188,Henties Bay,NA,-22.116,14.2845,63.0,95,26,4.0,scattered clouds
189,Pushkino,RU,56.0172,37.8667,28.4,93,90,11.18,light snow
190,Torbat-E Jam,IR,35.244,60.6225,28.18,72,11,1.79,few clouds
191,Aquiraz,BR,-3.9014,-38.3911,82.0,78,40,5.75,scattered clouds
192,Richards Bay,ZA,-28.783,32.0377,71.31,86,0,10.54,clear sky
193,Volta Redonda,BR,-22.5231,-44.1042,77.0,88,40,5.75,scattered clouds
194,Buta,CD,2.7858,24.73,70.05,99,100,0.69,overcast clouds
195,Xiuyan,CN,40.2928,123.2744,53.64,50,23,7.2,few clouds
196,Luderitz,NA,-26.6481,15.1594,65.1,74,0,7.38,clear sky
197,Maceio,BR,-9.6658,-35.7353,73.4,94,0,3.44,clear sky
198,Arraial Do Cabo,BR,-22.9661,-42.0278,75.97,87,100,14.09,overcast clouds
199,Labuhan,ID,-6.8844,112.2051,85.28,67,56,6.06,broken clouds
200,Bairiki,KI,1.3292,172.9752,86.0,70,20,10.36,few clouds
201,Cravo Norte,CO,6.3017,-70.2041,81.46,58,100,4.74,overcast clouds
202,Fortuna,US,40.5982,-124.1573,48.0,81,90,4.61,overcast clouds
203,Lethem,GY,3.3803,-59.7968,77.0,79,97,1.5,overcast clouds
204,Norman Wells,CA,65.282,-126.8329,-4.0,71,75,1.77,light snow
205,Koulikoro,ML,14.0,-7.75,65.35,21,25,8.84,scattered clouds
206,Sakaiminato,JP,35.55,133.2333,57.2,54,75,11.5,broken clouds
207,Taoudenni,ML,22.6783,-3.9836,66.0,46,73,9.46,broken clouds
208,Mar Del Plata,AR,-38.0023,-57.5575,64.99,88,0,11.59,clear sky
209,Teguise,ES,29.0605,-13.564,62.6,77,20,5.75,few clouds
210,Xining,CN,36.6167,101.7667,55.09,16,88,4.16,overcast clouds
211,Olga,RU,43.7444,135.2892,50.04,37,100,2.1,overcast clouds
212,Lambarene,GA,-0.7001,10.2406,74.53,93,99,0.96,light rain
213,Batemans Bay,AU,-35.7167,150.1833,64.0,80,100,1.99,overcast clouds
214,Buala,SB,-8.145,159.5921,82.63,73,74,3.96,light rain
215,Jalu,LY,29.0331,21.5482,57.92,40,55,11.41,broken clouds
216,Iqaluit,CA,63.7506,-68.5145,-22.0,69,20,14.97,few clouds
217,Sagaing,MM,21.8787,95.9797,86.0,28,20,3.44,few clouds
218,Kuruman,ZA,-27.4524,23.4325,64.99,79,0,5.41,clear sky
219,Yeppoon,AU,-23.1333,150.7333,91.4,40,5,8.05,clear sky
220,Mandalgovi,MN,45.7625,106.2708,52.11,18,100,28.54,overcast clouds
221,Sabha,LY,27.0377,14.4283,62.91,28,30,16.84,scattered clouds
222,Rio Grande,BR,-32.035,-52.0986,70.25,86,16,6.96,few clouds
223,Suntar,RU,62.1444,117.6319,15.76,81,40,8.68,scattered clouds
224,Cherskiy,RU,68.75,161.3,-3.35,94,100,12.08,overcast clouds
225,Azare,NG,11.6765,10.1948,74.3,21,92,5.12,overcast clouds
226,Rafaela,AR,-31.2503,-61.4867,75.99,50,3,1.99,clear sky
227,Kavieng,PG,-2.5744,150.7967,84.6,61,57,3.13,broken clouds
228,Salta,AR,-24.7859,-65.4117,68.0,83,75,3.44,light intensity drizzle
229,Volodarskiy,RU,46.4013,48.5409,19.4,86,0,6.71,clear sky
230,Oktyabrskiy,RU,54.4815,53.471,2.3,88,68,8.95,broken clouds
231,Mahibadhoo,MV,3.7833,72.9667,83.61,72,100,15.48,moderate rain
232,Petropavlovka,RU,50.6114,105.3196,14.31,57,100,14.27,overcast clouds
233,Port-Gentil,GA,-0.7193,8.7815,81.73,77,100,6.87,overcast clouds
234,Cuamba,MZ,-14.8031,36.5372,68.7,99,100,1.63,moderate rain
235,Margate,GB,51.3813,1.3862,42.01,81,100,5.01,light rain
236,Magaria,NE,12.9983,8.9099,75.78,17,21,11.68,few clouds
237,Mackay,AU,-21.15,149.2,86.0,66,11,12.66,few clouds
238,Kaitangata,NZ,-46.2817,169.8464,64.99,63,8,8.01,clear sky
239,Kaeo,NZ,-35.1,173.7833,73.99,62,0,5.01,clear sky
240,Lebu,CL,-37.6167,-73.65,55.72,86,0,4.45,clear sky
241,San Francisco Del Mar,MX,16.2333,-94.65,82.27,76,0,6.93,clear sky
242,Bay Roberts,CA,47.5999,-53.2648,28.0,76,78,3.0,broken clouds
243,Tres Arroyos,AR,-38.3739,-60.2798,63.23,58,46,6.96,scattered clouds
244,Amahai,ID,-3.3333,128.9167,87.06,63,92,6.38,overcast clouds
245,Alexandria,EG,31.2156,29.9553,56.84,76,49,5.64,scattered clouds
246,Changtu,CN,42.7788,124.0955,52.65,50,8,12.17,clear sky
247,Ust-Maya,RU,60.4167,134.5333,22.84,81,100,12.62,overcast clouds
248,Narsaq,GL,60.9167,-46.05,26.6,59,90,2.3,overcast clouds
249,Cabedelo,BR,-6.9811,-34.8339,77.0,88,0,4.61,clear sky
250,Karpogory,RU,64.0019,44.4451,24.58,91,100,10.31,overcast clouds
251,Almaznyy,RU,48.0448,40.045,28.4,86,20,15.66,few clouds
252,Shingu,JP,33.7333,135.9833,55.4,47,20,18.41,few clouds
253,Tingi,TZ,-11.3,35.0333,61.48,95,85,3.0,overcast clouds
254,Yaan,NG,7.3833,8.5667,76.14,87,100,10.2,heavy intensity rain
255,Bubaque,GW,11.2833,-15.8333,78.44,60,64,5.57,broken clouds
256,Jhalida,IN,23.3667,85.9667,73.4,73,0,5.1,mist
257,Candelaria,PH,13.9311,121.4233,80.01,81,96,8.99,overcast clouds
258,Port Hedland,AU,-20.3167,118.5667,87.8,58,40,21.85,scattered clouds
259,Sambava,MG,-14.2667,50.1667,76.05,76,37,7.07,scattered clouds
260,Kyshtovka,RU,56.555,76.6271,7.05,96,100,8.1,overcast clouds
261,Pisco,PE,-13.7,-76.2167,72.0,94,0,3.44,clear sky
262,Ahipara,NZ,-35.1667,173.1667,69.44,60,2,2.71,clear sky
263,New London,US,41.4834,-72.0662,39.99,30,1,8.05,clear sky
264,Isangel,VU,-19.55,169.2667,82.4,83,90,9.22,overcast clouds
265,Saldanha,ZA,-33.0117,17.9442,66.2,88,100,6.91,overcast clouds
266,Synya,RU,65.3718,58.0387,17.71,93,100,9.69,light snow
267,Talnakh,RU,69.4865,88.3972,-19.8,97,100,11.1,light snow
268,Fallon,US,39.4735,-118.7774,46.4,23,1,5.75,clear sky
269,Richfield,US,44.8833,-93.283,46.4,53,20,3.44,few clouds
270,Hithadhoo,MV,-0.6,73.0833,83.95,69,27,10.76,scattered clouds
271,Srednekolymsk,RU,67.45,153.6833,-9.13,87,58,3.0,broken clouds
272,La Ronge,CA,55.1001,-105.2842,32.0,47,51,11.5,broken clouds
273,Zheleznodorozhnyy,RU,55.7503,38.0042,30.2,86,90,6.71,light snow
274,Tanete,ID,-3.9443,119.7848,94.6,44,25,6.33,scattered clouds
275,Iranduba,BR,-3.2847,-60.1861,78.8,89,75,3.44,moderate rain
276,Halifax,CA,44.6453,-63.5724,30.0,46,85,4.0,overcast clouds
277,South Venice,US,27.0531,-82.4243,66.2,82,1,5.14,haze
278,Walvis Bay,NA,-22.9575,14.5053,63.0,94,26,3.44,scattered clouds
279,Saurimo,AO,-9.6608,20.3916,65.03,91,99,2.84,overcast clouds
280,Korla,CN,41.7597,86.1469,58.33,26,76,4.45,broken clouds
281,Faanui,PF,-16.4833,-151.75,83.12,73,0,12.28,clear sky
282,Borba,BR,-4.3878,-59.5939,73.22,97,99,1.28,light rain
283,Anadyr,RU,64.75,177.4833,23.0,86,20,4.47,few clouds
284,Chuy,UY,-33.6971,-53.4616,60.53,80,0,4.9,clear sky
285,Nantucket,US,41.2835,-70.0995,39.0,63,4,16.96,clear sky
286,Sitka,US,57.0531,-135.33,32.0,59,40,6.91,scattered clouds
287,North Platte,US,41.1239,-100.7654,41.0,87,90,14.97,overcast clouds
288,Spoleto,IT,42.7448,12.7374,51.01,77,29,8.99,scattered clouds
289,Gardiner,US,44.2301,-69.7753,28.99,43,75,5.75,broken clouds
290,Mangrol,IN,21.1167,70.1167,82.9,39,0,13.04,clear sky
291,Port Blair,IN,11.6667,92.75,84.2,79,20,4.61,mist
292,Klaksvik,FO,62.2266,-6.589,39.2,87,75,25.32,broken clouds
293,Muhos,FI,64.808,25.9931,26.6,100,90,2.3,overcast clouds
294,San Diego De Los Banos,CU,22.6467,-83.3697,66.58,85,0,6.2,clear sky
295,Ilulissat,GL,69.2167,-51.1,8.6,61,100,12.66,overcast clouds
296,Salalah,OM,17.0151,54.0924,68.0,56,0,4.61,clear sky
297,Mount Gambier,AU,-37.8333,140.7667,64.4,36,40,14.97,scattered clouds
298,Arlit,NE,18.7369,7.3853,68.04,18,47,7.61,scattered clouds
299,Sawtell,AU,-30.3833,153.1,80.6,74,66,21.85,broken clouds
300,Loja,EC,-3.9931,-79.2042,55.72,97,100,1.7,light rain
301,Beringovskiy,RU,63.05,179.3167,25.9,93,33,6.8,scattered clouds
302,Panalingaan,PH,8.7842,117.4231,83.95,69,95,5.91,overcast clouds
303,Sokolo,ML,14.7328,-6.1219,66.56,31,7,9.62,clear sky
304,Juneau,US,58.3019,-134.4197,24.8,46,75,3.44,broken clouds
305,Edea,CM,3.8,10.1333,80.6,89,40,3.44,light rain
306,Fairbanks,US,64.8378,-147.7164,6.8,51,1,4.21,clear sky
307,Asau,RO,46.4333,26.4,33.01,67,33,5.37,scattered clouds
308,Zhicheng,CN,30.2956,111.5047,70.0,61,18,6.06,few clouds
309,Pauini,BR,-7.7136,-66.9764,72.5,95,76,1.9,broken clouds
310,Turkmenabat,TM,39.0733,63.5786,17.6,79,75,6.91,broken clouds
311,Santa Vitoria Do Palmar,BR,-33.5189,-53.3681,60.67,80,0,4.72,clear sky
312,Tateyama,JP,34.9833,139.8667,64.4,48,20,9.22,few clouds
313,Hals,DK,56.9961,10.3081,36.0,93,57,6.91,broken clouds
314,Asfi,MA,32.2994,-9.2372,54.36,81,89,20.13,overcast clouds
315,Middelburg,ZA,-25.7751,29.4648,49.05,83,0,5.35,clear sky
316,Half Moon Bay,US,37.4636,-122.4286,50.0,71,90,9.22,overcast clouds
317,Lorengau,PG,-2.0226,147.2712,84.54,66,68,2.13,broken clouds
318,Sur,OM,22.5667,59.5289,85.44,26,0,11.43,clear sky
319,Altay,CN,47.8667,88.1167,19.13,68,74,0.65,broken clouds
320,Viedma,AR,-40.8135,-62.9967,65.28,57,0,5.59,clear sky
321,Hollister,US,36.8525,-121.4016,51.8,76,20,13.8,few clouds
322,Annoeullin,FR,50.5293,2.9318,41.0,87,0,10.36,light rain
323,Yerbogachen,RU,61.2767,108.0108,6.91,84,93,15.41,overcast clouds
324,Hualmay,PE,-11.0964,-77.6139,72.12,76,46,3.8,scattered clouds
325,San Patricio,US,28.017,-97.5169,73.4,88,90,25.32,overcast clouds
326,Hofn,IS,64.2539,-15.2082,35.08,62,100,8.25,snow
327,Pierre,US,44.3683,-100.351,43.0,65,1,7.05,clear sky
328,Salinas,US,36.6777,-121.6555,51.8,66,90,9.22,overcast clouds
329,Sulangan,PH,11.1373,123.7228,81.05,74,48,0.94,scattered clouds
330,Coquimbo,CL,-29.9533,-71.3436,59.0,94,40,4.61,scattered clouds
331,Estelle,US,29.8458,-90.1067,66.99,94,20,8.05,few clouds
332,Vestmannaeyjar,IS,63.4427,-20.2734,30.61,64,100,12.15,overcast clouds
333,Flagstaff,US,35.1981,-111.6513,24.01,86,40,5.75,scattered clouds
334,Danjiangkou,CN,32.5428,111.5086,61.9,71,90,5.46,overcast clouds
335,Carutapera,BR,-1.195,-46.02,75.13,91,59,3.8,broken clouds
336,Srandakan,ID,-7.9386,110.2506,86.9,60,72,7.18,broken clouds
337,Karasjok,NO,69.4719,25.5112,23.0,93,90,4.61,overcast clouds
338,Ponta Do Sol,PT,32.6667,-17.1,57.0,71,100,1.01,overcast clouds
339,Svobodnyy,RU,51.4,128.1333,35.01,97,100,15.28,overcast clouds
340,Aldan,RU,58.6031,125.3894,17.78,63,99,1.21,overcast clouds
341,Ponta Delgada,PT,37.7333,-25.6667,59.0,94,75,14.97,broken clouds
342,Port Lincoln,AU,-34.7333,135.8667,62.37,48,96,10.65,overcast clouds
343,Mazyr,BY,52.0495,29.2456,37.17,90,100,12.73,overcast clouds
344,Grand Gaube,MU,-20.0064,57.6608,77.0,87,100,3.0,light rain
345,Dubbo,AU,-32.25,148.6167,64.4,82,90,13.8,light rain
346,Sola,VU,-13.8833,167.55,78.8,94,90,11.99,heavy intensity rain
347,Poum,NC,-20.2333,164.0167,80.94,69,100,9.13,overcast clouds
348,Christchurch,NZ,-43.5333,172.6333,69.8,56,0,17.27,clear sky
349,Grants Pass,US,42.439,-123.3284,53.6,54,1,3.44,clear sky
350,Besikduzu,TR,41.052,39.2284,42.8,70,75,6.46,broken clouds
351,Rodrigues Alves,BR,-7.738,-72.6509,72.25,97,100,1.32,overcast clouds
352,Albert,FR,50.0009,2.651,39.0,93,90,13.8,moderate rain
353,Rio Gallegos,AR,-51.6226,-69.2181,44.6,57,0,2.3,clear sky
354,Laje,BR,-10.1833,-40.9667,68.14,73,2,4.83,clear sky
355,Inuvik,CA,68.3499,-133.7218,-11.2,77,2,8.05,clear sky
356,Santa Maria,BR,-29.6842,-53.8069,64.4,94,0,5.75,light rain
357,Partapur,IN,23.6,74.1667,84.06,19,0,5.12,clear sky
358,Ushtobe,KZ,45.2514,77.9838,23.29,79,97,3.87,heavy snow
359,Pacific Grove,US,36.6177,-121.9166,50.0,81,7,3.0,clear sky
360,Zyryanka,RU,65.75,150.85,-4.79,87,48,7.31,scattered clouds
361,Kindu,CD,-2.95,25.95,67.28,98,99,3.29,overcast clouds
362,Prince Rupert,CA,54.3161,-130.3201,32.0,93,90,6.91,snow
363,Roald,NO,62.5833,6.1333,39.2,65,100,9.22,overcast clouds
364,Samarkand,UZ,39.6542,66.9597,21.2,86,40,29.93,scattered clouds
365,Kahului,US,20.8947,-156.47,71.6,83,90,11.5,light rain
366,Upernavik,GL,72.7868,-56.1549,-5.12,96,100,2.51,overcast clouds
367,Pangai,TO,-19.8,-174.35,86.0,66,20,4.61,few clouds
368,Mubende,UG,0.5606,31.39,65.89,54,80,1.95,broken clouds
369,Elat,IL,29.5581,34.9482,57.2,62,0,11.5,clear sky
370,Omsukchan,RU,62.5333,155.8,-3.51,84,5,3.78,clear sky
371,Alofi,NU,-19.0595,-169.9187,84.2,65,98,8.05,overcast clouds
372,Dryden,CA,49.7833,-92.7503,33.8,44,20,11.5,few clouds
373,Baykit,RU,61.67,96.37,6.1,73,96,13.62,overcast clouds
374,Santa Marta,CO,11.2408,-74.199,82.4,61,40,17.27,scattered clouds
375,Doha,QA,25.2867,51.5333,66.0,59,0,5.75,clear sky
376,Clyde,US,41.3042,-82.9752,42.01,50,21,10.78,few clouds
377,Hami,CN,42.8,93.45,60.51,21,46,13.49,moderate rain
378,Susangerd,IR,31.5608,48.1831,53.6,62,0,2.3,clear sky
379,Itoman,JP,26.1247,127.6694,73.4,53,40,12.66,scattered clouds
380,Saint-Louis,SN,16.3333,-15.0,71.6,37,0,2.3,clear sky
381,Ancud,CL,-41.8697,-73.8203,50.0,93,0,8.05,clear sky
382,Okha,RU,53.5739,142.9478,35.37,90,53,17.18,broken clouds
383,Yongan,CN,39.6957,113.6871,50.72,62,100,10.76,overcast clouds
384,Tura,IN,25.5198,90.2201,83.16,28,19,6.55,few clouds
385,Ajaigarh,IN,24.9,80.2667,68.0,77,0,2.39,haze
386,Kongolo,CD,-5.3833,27.0,67.69,96,72,2.26,broken clouds
387,Dutse,NG,11.7594,9.3392,74.59,22,82,8.66,broken clouds
388,Manokwari,ID,-0.8667,134.0833,83.19,69,99,5.68,overcast clouds
389,Bilovec,CZ,49.7564,18.0158,43.0,81,0,9.22,clear sky
390,Ballina,AU,-28.8667,153.5667,87.8,65,2,13.8,clear sky
391,Ilheus,BR,-14.7889,-39.0494,72.5,85,18,0.94,few clouds
392,Porto Tolle,IT,44.9497,12.3245,52.0,70,43,1.01,scattered clouds
393,Helena,US,46.5927,-112.0361,41.0,42,1,3.94,clear sky
394,Mehamn,NO,71.0357,27.8492,22.55,86,100,6.51,overcast clouds
395,Susanville,US,40.4163,-120.653,48.2,46,1,12.66,clear sky
396,Port Hardy,CA,50.6996,-127.4199,46.4,87,90,16.11,moderate rain
397,Cabo San Lucas,MX,22.8909,-109.9124,64.4,55,1,4.61,clear sky
398,Panama City,PA,8.9936,-79.5197,78.8,73,90,5.75,overcast clouds
399,Athens,GR,37.9795,23.7162,55.0,87,0,3.38,clear sky
400,Choma,ZM,-16.8065,26.9531,59.88,98,3,5.88,clear sky
401,Palembang,ID,-2.9167,104.7458,78.8,83,20,9.22,few clouds
402,Vicuna,CL,-30.0319,-70.7081,59.0,94,40,4.61,scattered clouds
403,Marawi,PH,7.9986,124.2928,82.99,81,96,7.0,overcast clouds
404,Wewak,PG,-3.5534,143.6268,84.74,74,100,8.79,overcast clouds
405,Ruteng,ID,-8.6136,120.4721,71.92,84,82,1.01,broken clouds
406,Liverpool,GB,53.4106,-2.9779,46.4,87,90,16.11,overcast clouds
407,Namibe,AO,-15.1961,12.1522,73.56,83,92,4.54,moderate rain
408,Nelson Bay,AU,-32.7167,152.15,66.99,100,75,20.71,light rain
409,Sannat,MT,36.0244,14.2428,55.0,93,20,6.91,few clouds
410,Casablanca,MA,33.5928,-7.6192,59.0,93,0,5.75,clear sky
411,Ayagoz,KZ,47.9714,80.4392,2.48,80,100,20.15,overcast clouds
412,Marolambo,MG,-20.05,48.1167,66.22,92,0,3.04,clear sky
413,Dori,BF,14.0354,-0.0345,70.75,21,0,8.14,clear sky
414,Gidole,ET,5.65,37.3667,59.56,47,21,3.11,few clouds
415,Sao Joao Da Barra,BR,-21.6403,-41.0511,75.49,89,49,12.84,scattered clouds
416,Tsuruga,JP,35.6455,136.0558,54.0,50,2,5.99,clear sky
417,Copalnic Manastur,RO,47.5,23.6833,39.2,81,90,2.3,overcast clouds
418,Qaanaaq,GL,77.484,-69.3632,-4.7,65,100,9.24,overcast clouds
419,Loiza,PR,18.4313,-65.8802,78.8,73,40,10.36,scattered clouds
420,Ternate,ID,0.8,127.4,83.68,71,58,4.83,broken clouds
421,Bongandanga,CD,1.5,21.05,71.8,97,100,1.81,overcast clouds
422,Chimbote,PE,-9.0853,-78.5783,72.93,75,87,5.79,overcast clouds
423,Avera,US,33.194,-82.5271,64.4,72,1,9.22,clear sky
424,Sinnamary,GF,5.3833,-52.95,76.98,89,100,12.5,overcast clouds
425,Areia Branca,BR,-4.9561,-37.1369,78.17,83,98,13.27,overcast clouds
426,Upata,VE,8.0086,-62.3989,73.99,97,100,1.01,overcast clouds
427,Jeremie,HT,18.65,-74.1167,76.46,81,11,12.8,few clouds
428,Axim,GH,4.8699,-2.2405,79.39,85,97,8.52,overcast clouds
429,Ustye,RU,59.6304,39.736,22.87,95,98,9.89,light snow
430,Ixtapa,MX,20.7,-105.2,71.6,78,1,3.33,clear sky
431,Canutama,BR,-6.5339,-64.3831,73.72,92,99,2.8,overcast clouds
432,Filadelfia,US,39.9523,-75.1638,45.0,39,1,9.22,clear sky
433,Sinjai,ID,-5.1241,120.253,87.55,66,8,8.32,heavy intensity rain
434,Toamasina,MG,-18.1667,49.3833,75.2,88,75,8.05,broken clouds
435,Aykhal,RU,66.0,111.5,-2.18,85,100,19.04,overcast clouds
436,Nanortalik,GL,60.1432,-45.2371,27.3,74,100,6.91,overcast clouds
437,Alice Springs,AU,-23.7,133.8833,59.0,94,90,11.5,moderate rain
438,Cangzhou,CN,38.3167,116.8667,61.11,48,92,11.56,overcast clouds
439,Oranjemund,NA,-28.55,16.4333,64.58,84,23,8.32,few clouds
440,Homer,US,59.6425,-151.5483,21.2,53,1,9.22,clear sky
441,Ville-Marie,CA,47.3335,-79.433,28.4,93,90,12.66,light snow
442,Aktash,RU,50.3,87.7333,-3.6,71,77,6.04,broken clouds
443,Broken Hill,AU,-31.95,141.4333,64.4,27,0,21.85,clear sky
444,Tarija,BO,-21.5355,-64.7296,61.36,84,93,1.01,overcast clouds
445,Yulara,AU,-25.2406,130.9889,69.8,46,90,14.97,overcast clouds
446,Hit,IQ,33.6416,42.8251,53.62,51,1,5.21,clear sky
447,Kotelnikovo,RU,47.6317,43.1461,27.14,77,100,12.75,overcast clouds
448,Saint Anthony,US,45.0205,-93.218,45.0,61,1,4.9,clear sky
449,Necochea,AR,-38.5473,-58.7368,63.0,94,65,2.86,broken clouds
450,Novyy Urengoy,RU,66.0833,76.6333,9.14,93,100,12.71,overcast clouds
451,Ust-Shonosha,RU,61.1531,41.343,23.41,92,100,9.44,overcast clouds
452,Moyo,UG,3.6609,31.7247,69.93,53,39,2.24,scattered clouds
453,Rovnoye,RU,50.7765,46.0509,20.75,81,98,14.92,overcast clouds
454,Tilichiki,RU,60.4667,166.1,4.1,80,100,15.14,overcast clouds
455,Athabasca,CA,54.7169,-113.2854,41.0,60,93,5.75,overcast clouds
456,Ca Mau,VN,9.1769,105.15,90.48,43,67,14.05,broken clouds
457,Antalaha,MG,-14.9003,50.2788,75.97,79,1,5.88,clear sky
458,Horta,PT,38.5333,-28.6333,60.8,88,97,25.46,overcast clouds
459,Elliot,ZA,-31.3333,27.85,64.15,47,0,5.03,clear sky
460,Genhe,CN,50.7833,121.5167,38.95,78,41,8.34,scattered clouds
461,Santo Antonio Do Ica,BR,-3.1022,-67.9397,72.93,96,57,1.61,broken clouds
462,San Quintin,MX,30.4833,-115.95,54.95,80,1,16.78,clear sky
463,Sept-Iles,CA,50.2001,-66.3821,14.0,48,40,9.22,scattered clouds
464,Hambantota,LK,6.1241,81.1185,84.2,79,20,11.5,few clouds
465,Bata,GQ,1.8639,9.7658,73.4,100,75,3.29,light rain
466,Faridabad,IN,28.4333,77.3167,80.01,64,20,3.44,haze
467,Abalak,RU,58.1286,68.5944,8.69,94,57,8.1,broken clouds
468,Adrar,MR,20.5022,-10.0711,64.44,25,0,8.12,clear sky
469,Ewa Beach,US,21.3156,-158.0072,78.8,57,75,6.91,light rain
470,Shelopugino,RU,51.6514,117.5599,39.87,78,75,13.78,broken clouds
471,Lasa,IT,46.6166,10.7002,37.99,100,90,7.23,snow
472,Belize,BZ,17.25,-88.75,72.0,78,3,2.66,clear sky
473,Santa Barbara,US,34.7333,-120.0343,50.0,81,90,5.75,overcast clouds
474,Tabas,IR,33.5959,56.9244,43.66,38,0,3.74,clear sky
475,Lucapa,AO,-8.4192,20.7447,63.41,91,95,3.44,overcast clouds
476,Beloha,MG,-25.1667,45.05,73.78,78,3,14.72,clear sky
477,Mugur-Aksy,RU,50.35,90.5,5.02,44,0,3.18,clear sky
478,Mokhsogollokh,RU,61.4681,128.9203,19.71,78,90,9.19,overcast clouds
479,Mathathane,BW,-22.2687,28.7495,67.66,77,0,7.63,clear sky
480,San Lorenzo,PY,-25.3333,-57.5333,78.8,57,14,5.75,few clouds
481,Cerro De Pasco,PE,-10.6833,-76.2667,32.47,95,100,2.57,overcast clouds
482,Omboue,GA,-1.5746,9.2618,78.22,86,99,3.27,overcast clouds
483,Miandrivazo,MG,-19.5167,45.4667,76.1,70,1,4.27,clear sky
484,Isoka,ZM,-10.1606,32.6335,61.21,95,89,1.41,overcast clouds
485,Clyde River,CA,70.4692,-68.5914,-5.8,77,90,23.02,haze
486,Puerto Escondido,MX,15.85,-97.0667,78.28,74,0,4.68,clear sky
487,Krasnotorka,UA,48.682,37.5327,31.96,89,92,8.59,overcast clouds
488,Ryde,GB,50.73,-1.1621,44.01,100,31,20.65,scattered clouds
489,High Level,CA,58.5169,-117.136,10.4,85,90,4.61,overcast clouds
490,Balkanabat,TM,39.5108,54.3671,31.53,62,33,7.54,scattered clouds
491,Ierapetra,GR,35.01,25.7353,57.0,77,100,2.93,overcast clouds
492,Pawai,IN,24.2667,80.1667,68.0,77,0,2.01,haze
493,Menongue,AO,-14.6585,17.691,60.93,95,76,0.76,broken clouds
494,Sakakah,SA,29.9697,40.2064,48.2,57,0,3.44,clear sky
495,Deputatskiy,RU,69.3,139.9,-15.77,82,0,2.84,clear sky
496,Karagay,RU,58.2667,54.9368,3.6,93,99,11.03,overcast clouds
497,Manacapuru,BR,-3.2997,-60.6206,75.2,100,20,1.14,light rain
498,Alyangula,AU,-13.8483,136.4192,87.8,66,40,11.5,scattered clouds
499,Kapuskasing,CA,49.4169,-82.4331,23.0,63,81,17.27,broken clouds
500,Taywarah,AF,33.35,64.4167,35.76,59,14,2.42,few clouds
501,Tiarei,PF,-17.5333,-149.3333,87.8,66,40,4.61,scattered clouds
502,Statesville,US,35.7826,-80.8873,55.4,54,90,3.44,overcast clouds
503,Laguna,US,38.421,-121.4238,51.01,66,1,9.22,clear sky
504,Guaruja,BR,-23.9931,-46.2564,80.01,26,15,4.16,few clouds
505,Luganville,VU,-15.5333,167.1667,80.46,84,100,5.01,overcast clouds
506,Shimoda,JP,34.6667,138.95,62.6,48,20,9.22,few clouds
507,La Tuque,CA,47.4334,-72.7824,19.4,86,98,3.44,light snow
508,Sorland,NO,67.667,12.6934,41.76,85,94,11.68,overcast clouds
509,Ambovombe,MG,-25.1667,46.0833,74.7,78,3,16.28,clear sky
510,Ust-Kuyga,RU,70.0167,135.6,-6.3,81,69,6.73,broken clouds
511,Vila Franca Do Campo,PT,37.7167,-25.4333,59.0,94,75,14.97,broken clouds
512,Cap-Aux-Meules,CA,47.3821,-61.8597,26.6,74,100,24.16,overcast clouds
513,Puerto Carreno,CO,6.189,-67.4859,77.74,69,87,7.7,overcast clouds
514,Loum,CM,4.7182,9.7351,73.09,94,100,2.95,overcast clouds
515,Irituia,BR,-1.7711,-47.4381,71.96,98,91,2.1,overcast clouds
516,Chegdomyn,RU,51.1167,133.0167,40.51,76,0,6.24,clear sky
517,Inhambane,MZ,-23.865,35.3833,74.14,81,23,7.29,few clouds
518,Kushima,JP,31.4583,131.2333,62.6,42,20,10.36,few clouds
519,Lagoa,PT,39.05,-27.9833,60.67,84,96,27.92,overcast clouds
520,San Policarpo,PH,12.1791,125.5072,80.71,84,38,4.59,scattered clouds
521,Paracuru,BR,-3.41,-39.0306,82.0,74,100,13.0,overcast clouds
522,Vanavara,RU,60.34,102.2797,8.67,82,100,14.9,overcast clouds
523,Clearwater,US,27.9659,-82.8001,66.99,82,36,8.21,scattered clouds
524,Marystown,CA,47.1666,-55.1483,28.35,73,80,11.3,broken clouds
525,Skeldon,GY,5.8833,-57.1333,74.48,92,77,2.35,broken clouds
526,Lermontovka,RU,47.1453,134.3383,40.55,74,2,3.56,clear sky
527,Ouadda,CF,8.0777,22.4007,69.44,66,99,3.29,overcast clouds
528,Abasha,GE,42.2096,42.2211,41.0,56,0,24.16,clear sky
529,Port Augusta,AU,-32.5,137.7667,71.01,48,0,14.97,clear sky
530,Hurghada,EG,27.2574,33.8129,59.0,51,0,9.22,clear sky
531,Shirochanka,RU,46.6497,38.3978,31.57,77,62,7.9,broken clouds
532,Antalya,TR,36.7741,30.7178,48.2,76,20,6.91,few clouds
533,Atikokan,CA,48.7555,-91.6216,29.91,81,0,6.51,clear sky
534,Padang,ID,-0.9492,100.3543,84.2,74,20,3.44,few clouds
535,Kaseda,JP,31.4167,130.3167,60.8,41,20,10.36,few clouds
536,Malartic,CA,48.1335,-78.1328,23.0,86,20,13.8,light snow
537,Karpathos,GR,35.507,27.2132,57.2,88,98,4.61,light rain
538,Miles City,US,46.4083,-105.8406,42.8,52,1,8.05,clear sky
539,Morondava,MG,-20.2833,44.2833,76.03,80,0,10.18,clear sky
540,Grand Baie,MU,-20.0182,57.5802,77.0,87,100,3.0,light rain
541,Erdenet,MN,49.0333,104.0833,15.48,68,100,16.89,light snow
542,Mount Isa,AU,-20.7333,139.5,91.4,40,40,11.5,scattered clouds
543,Westport,US,41.1415,-73.3579,41.0,48,1,8.05,clear sky
544,Dongfeng,CN,42.6403,125.5118,52.9,43,0,9.28,clear sky
545,Hovd,MN,48.0056,91.6419,16.66,25,69,13.35,broken clouds
546,Griffith,US,41.5284,-87.4237,43.0,70,1,4.45,clear sky
547,Peniche,PT,39.3558,-9.3811,48.99,88,8,5.01,clear sky
548,Garden City,US,42.3256,-83.331,46.0,36,1,11.5,clear sky
549,Iskitim,RU,54.6366,83.3045,3.0,71,0,11.18,clear sky
550,Glendive,US,47.1053,-104.7125,46.4,46,1,6.91,clear sky
551,Malanje,AO,-9.5402,16.341,62.49,97,83,1.01,broken clouds
552,Sayyan,YE,15.1718,44.3244,57.18,17,50,2.82,scattered clouds
553,Mumford,GH,5.2618,-0.759,81.09,80,100,12.06,overcast clouds
554,Grove City,US,39.8815,-83.093,37.4,60,1,3.44,clear sky
555,Slonim,BY,53.0867,25.3219,37.67,89,100,9.95,overcast clouds
556,Tiksi,RU,71.6872,128.8694,2.35,85,87,7.47,overcast clouds
557,Wairoa,NZ,-39.0333,177.3667,66.99,77,23,4.0,few clouds
558,Bayir,TR,37.2687,28.2167,42.8,87,0,2.3,clear sky
559,Hauterive,FR,46.0901,3.4459,41.0,60,20,9.22,few clouds
560,Teguldet,RU,57.3064,88.1667,2.39,91,100,11.79,overcast clouds
561,Kiunga,PG,-6.1219,141.2906,83.8,71,100,1.34,overcast clouds
562,Fremont,US,37.5483,-121.9886,48.99,71,75,6.91,broken clouds
563,Soe,ID,-9.8607,124.284,77.88,79,100,2.44,overcast clouds
564,Jumla,NP,29.2747,82.1838,57.79,28,21,3.67,few clouds
565,Asyut,EG,27.181,31.1837,46.4,71,0,9.22,clear sky
566,Scottsbluff,US,41.8666,-103.6672,35.6,92,90,21.85,light rain
567,Ishigaki,JP,24.3448,124.1572,71.6,64,75,12.66,broken clouds
568,Kjopsvik,NO,68.097,16.3742,36.0,93,90,4.61,light snow
569,Surt,LY,31.2089,16.5887,60.48,70,96,12.93,overcast clouds
570,Amalapuram,IN,16.5833,82.0167,80.6,69,59,2.66,haze
571,Jacareacanga,BR,-6.2222,-57.7528,72.05,98,93,0.34,overcast clouds
572,Vao,NC,-22.6667,167.4833,76.82,77,91,18.32,overcast clouds
573,Salvador,SV,13.8333,-88.9167,78.8,78,20,3.44,few clouds
574,Mujiayingzi,CN,42.1167,118.7833,50.95,51,100,15.23,overcast clouds
575,Nome,US,64.5011,-165.4064,12.2,67,90,31.07,snow
576,Acari,PE,-15.4311,-74.6158,72.88,86,9,2.89,clear sky
577,Sumbe,AO,-11.2061,13.8437,78.51,88,59,2.17,broken clouds
578,Bilma,NE,18.6853,12.9164,73.42,13,0,5.32,clear sky
579,Serdobsk,RU,52.4586,44.2169,20.12,93,100,14.03,light snow
580,Calama,CL,-22.4667,-68.9333,55.4,62,0,3.44,clear sky
581,Buenavista,PH,8.9769,125.4089,87.24,63,92,2.44,overcast clouds
582,Beya,RU,53.0533,90.9139,13.55,66,1,10.87,clear sky
583,Margherita,IN,27.2833,95.6833,73.4,83,75,13.8,mist
584,Stubbekobing,DK,54.8887,12.041,39.99,100,100,16.98,overcast clouds
585,Okhotsk,RU,59.3833,143.3,9.5,82,100,6.51,overcast clouds
586,Nizhniy Ingash,RU,56.2,96.53,8.38,84,100,18.28,light snow
587,Thornaby,GB,54.5333,-1.3,39.99,74,26,13.47,scattered clouds
588,Tucumcari,US,35.1717,-103.725,46.4,46,1,18.41,clear sky
589,Sangar,RU,63.9242,127.4739,10.56,90,99,2.64,overcast clouds
590,Bac Lieu,VN,9.285,105.7244,85.26,59,83,19.28,broken clouds
591,Oum Hadjer,TD,13.2954,19.6966,78.04,16,20,11.21,few clouds
592,Verkhnyaya Inta,RU,65.9811,60.3094,14.63,93,90,11.16,overcast clouds
593,Waipawa,NZ,-41.4122,175.5153,68.0,64,20,19.57,few clouds
594,Tual,ID,-5.6667,132.75,83.55,71,59,8.9,broken clouds
595,Moerai,PF,-22.4333,-151.3333,80.67,77,68,11.23,broken clouds
596,Abonnema,NG,4.7084,6.7931,80.49,80,100,4.76,overcast clouds
597,Bonavista,CA,48.6499,-53.1147,28.99,93,100,3.44,light snow
598,Calella,ES,41.618,2.6678,53.01,90,19,8.01,few clouds
599,Umm Kaddadah,SD,13.6017,26.6876,71.22,10,4,16.64,clear sky
600,Mobaye,CF,4.319,21.1786,70.93,89,100,3.67,overcast clouds
601,Qaqortoq,GL,60.7167,-46.0333,26.6,59,90,2.3,overcast clouds
602,Ayr,GB,55.4627,-4.6339,39.99,87,9,11.5,clear sky
603,Pechenizhyn,UA,48.5155,24.8942,38.3,74,98,4.88,overcast clouds
604,Bago,MM,17.3367,96.4797,86.0,66,20,9.22,few clouds
605,Paysandu,UY,-32.3214,-58.0756,69.01,50,0,1.99,clear sky
606,Bundaberg,AU,-24.85,152.35,84.2,58,75,9.22,broken clouds
607,Kazerun,IR,29.6195,51.6541,55.71,53,0,0.45,clear sky
608,Apricena,IT,41.7839,15.4437,48.2,76,0,6.91,clear sky
609,Cullinan,ZA,-25.6709,28.5236,59.0,94,0,3.44,clear sky
610,Nuevitas,CU,21.5453,-77.2644,68.0,94,2,6.91,clear sky
611,Karratha,AU,-20.7377,116.8463,91.13,46,42,25.32,scattered clouds
612,Haines Junction,CA,60.7522,-137.5108,5.0,51,100,1.14,overcast clouds
613,Strai,NO,58.2,7.9,34.0,93,40,2.3,scattered clouds
614,Mayumba,GA,-3.432,10.6554,79.7,89,100,5.77,light rain
615,Dondo,MZ,-19.6094,34.7431,77.0,94,75,6.91,light rain
616,Minbu,MM,20.1833,94.8833,95.0,17,0,2.62,clear sky
617,Englewood,US,39.6478,-104.9878,30.99,93,90,8.05,light snow
618,Petrov Val,RU,50.1434,45.2096,20.19,87,88,12.64,overcast clouds
619,Myitkyina,MM,25.3833,97.4,93.0,21,18,0.98,few clouds
620,Nioaque,BR,-21.1353,-55.83,74.82,73,23,2.59,few clouds
621,Pavilosta,LV,56.8879,21.1859,39.2,87,90,14.97,overcast clouds
622,Baijiantan,CN,45.6333,85.1833,23.14,77,100,4.29,snow
623,Asosa,ET,10.0667,34.5333,67.66,51,32,0.98,scattered clouds
624,Novaya Ladoga,RU,60.1025,32.3019,33.01,88,100,9.82,overcast clouds
625,La Orilla,MX,17.9833,-102.2333,71.33,85,0,1.99,clear sky
626,Malakal,SS,9.5334,31.6605,80.37,34,62,3.06,broken clouds
627,Zirandaro,MX,18.45,-100.9833,80.06,40,0,3.98,clear sky
628,Sargur,IN,11.9833,76.4167,77.0,57,49,8.34,scattered clouds
629,Wladyslawowo,PL,54.7909,18.4009,39.99,81,75,14.97,moderate rain
630,Vizinga,RU,61.0749,50.1031,15.58,90,100,11.23,overcast clouds
631,Chaplynka,UA,46.3651,33.5403,37.98,90,95,7.05,overcast clouds
632,Watertown,US,42.3709,-71.1828,37.99,30,1,8.05,clear sky
633,Mananjary,MG,-21.2167,48.3333,73.94,88,15,7.02,light rain
634,Aspindza,GE,41.5739,43.2483,24.1,73,94,3.83,overcast clouds
635,Khash,IR,28.2211,61.2158,56.88,29,0,1.95,clear sky
636,Zhigansk,RU,66.7697,123.3711,7.88,89,92,11.83,overcast clouds
637,Benghazi,LY,32.1167,20.0667,60.82,51,100,10.56,overcast clouds
638,Todos Santos,MX,23.45,-110.2167,66.99,73,3,5.99,clear sky
639,Rindal,NO,63.0565,9.2124,26.11,56,38,4.09,scattered clouds
640,Tawang,IN,27.5833,91.8667,49.75,66,21,5.95,few clouds
641,Fort Wellington,GY,6.4,-57.6,76.42,88,81,4.32,broken clouds
642,Kaohsiung,TW,22.6163,120.3133,80.6,65,75,9.22,haze
643,Pizhanka,RU,57.4604,48.542,15.06,89,100,14.81,light snow
644,Belaya Gora,RU,68.5333,146.4167,-7.51,87,5,1.41,clear sky
645,Tecpan,GT,14.7623,-90.9947,62.6,82,20,13.8,few clouds
646,Atar,MR,20.5169,-13.0499,63.73,13,0,6.6,clear sky
647,Tazovskiy,RU,67.4667,78.7,-6.12,96,99,9.86,overcast clouds
648,Katherine,AU,-14.4667,132.2667,91.4,52,59,9.22,broken clouds
649,Kiruna,SE,67.8557,20.2251,6.8,85,97,6.91,overcast clouds
650,Vestmanna,FO,62.1564,-7.1664,41.0,87,75,26.46,broken clouds
651,Bull Savanna,JM,17.8868,-77.5902,71.46,77,0,4.81,clear sky
652,Boa Vista,BR,2.8197,-60.6733,77.0,83,0,2.3,light rain
653,Teahupoo,PF,-17.8333,-149.2667,87.8,66,40,4.61,scattered clouds
654,Flinders,AU,-34.5833,150.8552,62.01,80,100,10.0,light rain
655,Mkushi,ZM,-13.6202,29.3939,63.59,97,100,8.39,light rain
656,Rosario,AR,-32.9468,-60.6393,73.4,43,0,9.22,clear sky
657,Ilovlya,RU,49.3033,43.9796,23.0,86,90,15.66,snow
658,Pangnirtung,CA,66.1451,-65.7125,-10.84,96,100,0.47,overcast clouds
659,Stancuta,RO,44.9,27.8333,37.78,95,0,7.11,clear sky
660,Mampong,GH,7.0627,-1.4001,71.28,93,98,3.96,light rain
661,Kirkwall,GB,58.9848,-2.9587,41.0,87,75,25.32,broken clouds
662,San Cristobal,VE,7.7669,-72.225,65.55,93,24,1.28,few clouds
663,Terrasini,IT,38.146,13.0844,52.0,87,40,4.61,scattered clouds
664,Tautira,PF,-17.7333,-149.15,87.8,66,40,4.61,scattered clouds
665,Seoul,KR,37.5683,126.9778,55.4,58,40,6.91,haze
666,Liepaja,LV,56.5419,21.0367,39.2,87,90,14.97,overcast clouds
667,Plettenberg Bay,ZA,-34.0527,23.3716,68.22,66,75,3.67,broken clouds
668,Wanning,CN,18.8003,110.3967,78.44,69,9,8.66,clear sky
669,Indramayu,ID,-6.3264,108.32,83.98,67,99,8.55,overcast clouds
670,Bacolod,PH,10.6667,122.95,83.57,74,68,3.87,broken clouds
671,Baiersbronn,DE,48.5,8.3833,39.0,90,100,3.0,light rain
672,Klyuchi,RU,52.2667,79.1667,0.68,81,45,3.33,scattered clouds
673,Verkhoyansk,RU,67.5447,133.385,-4.14,88,100,1.88,overcast clouds
674,Dezful,IR,32.3811,48.4058,58.95,65,2,4.16,clear sky
675,Urumqi,CN,43.801,87.6005,26.6,80,75,2.24,broken clouds
676,Acapulco,MX,16.8634,-99.8901,78.8,83,20,3.44,few clouds
677,Vasudevanallur,IN,9.2333,77.4167,82.6,55,75,7.78,broken clouds
678,Hobyo,SO,5.3505,48.5268,80.53,79,84,16.46,broken clouds
679,Nata,PA,8.3333,-80.5167,75.0,48,6,15.01,clear sky
680,Shiyan,CN,32.6475,110.7781,61.92,69,97,5.46,overcast clouds
681,Sanmenxia,CN,34.7747,111.1814,61.65,61,57,9.22,broken clouds
682,Maniitsoq,GL,65.4167,-52.9,9.82,64,68,6.58,broken clouds
